Category,Message topic,Before (hard to understand),After (clear message),Where users see it,Who benefits,Why this is better
Output format,Approved leave periods,"spans = (<Span (2024-01-01, 2024-01-31)>,)","Approved leave period: January 1, 2024 to January 31, 2024.","Admin PDP yellow tooltip; Leave Management benefit reasoning; API","HR admins; leave coordinators","Replaces Python object dump with plain approved-period language."
Output format,Multiple approved periods,"spans = [(<Span ...>, <Span ...>)]","Intermittent leave periods: [readable date ranges on separate lines]","Admin PDP yellow tooltip; Leave Management Not Applied details","HR admins; leave coordinators","No tuple repr; each period is a readable date range."
Output format,Continuous leave periods,"Continuous leave spans = (<Span ...>,)","Continuous leave period: October 10, 2023 to December 4, 2023.","Admin PDP; span reasoning sidebar","HR admins; leave coordinators","Names the leave pattern and formats dates for humans."
Output format,No periods calculated,"spans = []","No leave periods were calculated.","Admin PDP empty-span headline; Leave Management Not Applied","HR admins; leave coordinators","Clear outcome instead of an empty Python list."
Output format,Unknown schedule data,"spans = (<Span (0001-01-01, 0001-01-01)>,)","Leave periods could not be calculated from the available schedule data.","Admin PDP; Leave Management when schedule data is incomplete","HR admins; leave coordinators","Dedicated copy instead of exposing date.min placeholders."
Output format,Invalid span validation,"Invalid result for spans: [...]","The calculated leave periods were invalid and could not be applied.","Admin PDP; span reasoning when validation fails","HR admins; leave coordinators","Explains the failure without Python repr noise."
Dates,ISO date strings,"Minimum effective date 2024-01-15","The earliest effective date is January 15, 2024.","Admin PDP span reasoning; benefit evaluation details","HR admins; benefits specialists","Uses Month Day Year instead of ISO format."
Dates,ISO date strings,"Maximum effective start date 9999-12-31","(hidden from user-facing output)","Admin PDP span reasoning","HR admins","Sentinel placeholder dates are suppressed rather than shown."
Dates,Global disability start,"Global Disability Period start date is 2024-03-01","The disability period begins on March 1, 2024.","Parental/medical benefit span reasoning","HR admins; leave coordinators","Plain-language period naming with readable dates."
Dates,Global bonding start,"Global Bonding Period start date is 2024-06-01","The bonding period begins on June 1, 2024.","Parental benefit span reasoning","HR admins; leave coordinators","Same improvement for bonding windows."
Dates,Global bonding end,"Global Bonding Period end date is 2025-05-31","The bonding period ends on May 31, 2025.","Parental benefit span reasoning","HR admins; leave coordinators","Readable end date for bonding coverage."
Dates,Expression results,"CFRA eligible date = datetime.date(2023, 10, 10)","California Family Rights Act eligible date = October 10, 2023","Span reasoning from describe() date expressions","HR admins; benefits specialists","Expands law abbreviations and removes datetime.date()."
Dates,Expression results,"FMLA eligible date = 2024-01-01","Family and Medical Leave Act eligible date = January 1, 2024","FMLA span reasoning","HR admins; benefits specialists","Full program name plus readable date."
Dates,Document due/start dates,"due_date_fn = 2026-09-23 19:05:13+00:00","due_date_fn = September 23, 2026","Document requirement reasoning in Admin PDP","HR admins; leave coordinators","Dates shown as calendar dates not timestamps."
Duration,Maximum duration,"Maximum duration 105 days, 0:00:00","Maximum leave duration: 105 days.","Admin PDP; span reasoning when entitlement is capped","HR admins; benefits specialists","Removes confusing timedelta clock suffix."
Duration,Max duration exceeded,"Max Duration exceeded by leave span 2024-01-01 to 2024-01-31.","The leave period from January 1, 2024 to January 31, 2024 exceeds the maximum allowed duration.","Admin PDP empty-span details; Not Applied tooltips","HR admins; leave coordinators","Explains which schedule block exceeded the limit."
Duration,Exact fit,"Leave span 2024-01-01 to 2024-01-10 uses remaining duration exactly","The leave period from January 1, 2024 to January 10, 2024 uses the remaining allowed duration exactly.","Span reasoning during schedule trimming","HR admins; benefits specialists","Readable dates and complete sentence structure."
Duration,Waiting period extension,"Waiting period (7 days) does not reduce benefit duration but extends span budget","The waiting period of 7 days does not reduce benefit duration; the leave period budget has been extended accordingly.","State PFML waiting-period reasoning (e.g. Minnesota)","HR admins; benefits specialists","Explains retroactive payable behavior in plain language."
Duration,Full entitlement weeks,"26 weeks of leave time allowed","26 weeks of leave time are allowed.","State TDI/PFL span reasoning (e.g. Rhode Island)","HR admins; benefits specialists","Consistent grammar; still expresses weeks clearly."
Duration,Remaining balance,"42 days deducted from remaining duration","The leave period is shorter than the remaining allowed duration. 42 deducted from the remaining balance.","Span trimming reasoning","HR admins; benefits specialists","States what happened to the entitlement bank."
Schedule,Generic continuous schedule,"No leave schedule present for continuous leave. Generic span created from 2022-01-15 to 2022-03-31.","No specific leave schedule was found. A default leave period of January 15, 2022 to March 31, 2022 has been applied.","Employee wages benefits; continuous leave fallback","HR admins; payroll partners","Explains the assumption instead of developer shorthand."
Schedule,Block before earliest start,"2024-01-01 to 2024-01-07, so skipping schedule.","This scheduled period (January 1, 2024 to January 7, 2024) falls before the earliest date this benefit can begin, so it was skipped.","Admin PDP span detail lines","HR admins; leave coordinators","Says why the block was skipped with readable dates."
Schedule,All blocks before start,"No leave schedule overlaps... (2024-02-01). All selected leave time falls before...","No leave schedule overlaps this benefit's earliest start date (February 1, 2024). All selected leave time falls before coverage can begin.","Admin PDP empty-span headline aggregation","HR admins; leave coordinators","Headline-friendly copy for schedule/benefit mismatch."
Schedule,Partial blocks before start,"3 of 5 schedule blocks fall before earliest start date (2024-02-01).","3 of 5 schedule blocks fall before this benefit's earliest start date (February 1, 2024).","Admin PDP partial-overlap details","HR admins; leave coordinators","Readable date plus clearer possessive wording."
Schedule,No applicable schedules,"No applicable leave schedules","No applicable leave schedules were found for this leave.","Admin PDP empty-span headline","HR admins; leave coordinators","Complete sentence explaining no schedule matched."
Schedule,Missing schedule day,"Missing schedule time including 2024-03-15","No scheduled leave time includes March 15, 2024.","Intermittent leave span reasoning","HR admins; leave coordinators","States the missing day in calendar language."
Denials,Removing denied time,"Removing denial spans from leave schedule. Spans: [...]","Denied leave periods have been removed from the schedule.","Admin PDP when benefit denials trim spans","HR admins; leave coordinators","No raw span dump in user copy."
Denials,All time denied,"All benefit time is denied. No leave schedule.","All benefit time has been denied. No leave periods are available.","Admin PDP when entire benefit is denied","HR admins; leave coordinators","Consistent leave-period terminology."
Denials,Document conflict,"(conflict message with raw span references)","There is a conflict between denied periods and documented leave periods. Leave periods cannot be calculated.","Admin PDP when denials and med-cert spans conflict","HR admins; leave coordinators","Explains why spans could not be produced."
Dependencies,Found sibling result,"Found result for DelawarePFMLPaidMedical","Found a result for Delaware PFML: Paid Benefit (Medical).","Job protection / nested benefit reasoning","HR admins; benefits specialists","Uses paycalc template title instead of Python class name."
Dependencies,Missing sibling result,"Missing result for ColoradoFCA","No result was found for Colorado Family Care Act (FCA).","Dependent benefit evaluation","HR admins; benefits specialists","Plain language with expanded program name."
Dependencies,Too many results,"Found too many results for OregonPLOPaid","Too many results were found for Oregon Paid Leave.","Rules that expect exactly one sibling result","HR admins; benefits specialists","Readable benefit name instead of class name."
Dependencies,Dependent start date,"The benefit start date (2023-01-04) begins the day after the last covered period from CaliforniaSDI.","The benefit start date (January 4, 2023) begins the day after the last covered period from California State Disability Insurance.","California dependent start-date reasoning","HR admins; benefits specialists","Readable dates and full program names."
Entitlement,Prior usage exhausted,"CO FCA benefit exhausted by prior usage.","CO FCA benefit has been exhausted by prior usage.","Colorado FCA / shared bank reasoning","HR admins; benefits specialists","Minor grammar fix; clearer passive voice."
Entitlement,Prior usage exhausted,"NJ FLA benefit exhausted by prior usage.","NJ FLA benefit has been exhausted by prior usage.","New Jersey FLA span reasoning","HR admins; benefits specialists","Same pattern across state job-protection banks."
Entitlement,Remaining bank,"14 days remaining (28 days used from prior leave)","14 days remaining (28 days used from prior leave).","Tracked benefit bank reasoning","HR admins; benefits specialists","Already readable; kept consistent punctuation."
Parental,Due date start,"Leave is Parental, so leave cannot start before due date.","Parental leave cannot begin before the expected due date.","Parental span start rules","HR admins; leave coordinators","Removes internal leave-type enum wording."
Parental,One-year end limit,"End date must be within 1 year of expected due date","Leave must end by [date], within one year of the due date.","Parental bonding end-date rules","HR admins; leave coordinators","Complete sentence with readable end date."
Parental,Birth/placement start,"Start date must be on or after birth or placement date","The start date must be on or after the birth or placement date.","Bonding leave start rules","HR admins; leave coordinators","Plain scheduling requirement."
Parental,Post-birth recovery,"Vaginal birth gets up to 42 days after.","For a vaginal delivery: up to 6 weeks of post-birth recovery leave.","Parental recovery duration reasoning","HR admins; leave coordinators","Weeks phrasing instead of raw day counts."
Parental,Per-child allowance,"6 weeks per expected child","6 weeks are provided per expected child.","Multi-child parental benefits","HR admins; leave coordinators","Complete sentence about allowance."
Job protection,Generating JP spans,"Generating job protection spans from the JP bank","Generating job-protection leave periods from the available bank, bounded by [paid benefit] coverage.","Delaware PFML job protection reasoning","HR admins; benefits specialists","Explains JP source and paid-benefit boundary."
Job protection,Paid coverage limit,"(various terse JP boundary notes)","Job protection is limited to the paid-benefit coverage period and ends no later than the last covered day of the paid benefit.","Delaware / state JP rules","HR admins; benefits specialists","Single clear statement of JP vs paid relationship."
Med cert,No duration effect,"Med cert does not affect span duration","The medical certification does not change the leave duration.","Span calculation when med cert present but inactive","HR admins; leave coordinators","User-facing med-cert language."
Med cert,Schedule adjustment,"Leave type is PARENTAL and accepted documents adjust schedule...","Parental leave schedule has been adjusted based on accepted documentation dates.","Document-driven schedule adjustment","HR admins; leave coordinators","Title-case leave type; no enum leakage."
Med cert,Pre-birth allowed,"Med cert allows for pre-birth time","An accepted medical certification allows pre-birth leave time.","FMLA / state nesting rules","HR admins; benefits specialists","Plain explanation of med-cert effect."
Med cert,State collection policy,"The employee works in a state that never allows collecting Med Certs: DE","Medical certifications are not collected for employees working in DE.","Non-FMLA caregiving med-cert rules","HR admins; leave coordinators","Direct policy statement without internal list reference."
State program,MN PFML qualifying event,"Qualifying event is 5 day(s); waiting period applies","The qualifying event is 5 day(s); Minnesota PFML requires at least 7 before benefits are payable, so no days are payable yet. The benefit still applies, and these days become payable retroactively once the qualifying event is met.","Minnesota PFML waiting-period reasoning","HR admins; benefits specialists","Explains non-payable days and retroactive pay in one message."
State program,DE PFML parental exhausted,"DE PFML birthing parental runs from expected due date (when bank empty)","Delaware PFML parental leave is limited to 12 weeks per application year, and that entitlement has already been used.","Delaware PFML parental bank reasoning","HR admins; benefits specialists","Clear entitlement exhaustion explanation."
State program,RI TDI late delivery,"(internal nesting / pre-birth debug strings)","Birth details confirmed: Rhode Island TDI preserves the approved leave start of [date] rather than re-anchoring to the confirmed delivery date.","Rhode Island TDI parental reasoning","HR admins; benefits specialists","Explains preserved start after late delivery confirmation."
State program,CA SDI copies PDL,"California SDI copies the PDL spans since leave is parental.","California State Disability Insurance uses the same leave periods as California Pregnancy Disability Leave.","California SDI/PDL dependency","HR admins; benefits specialists","Full benefit names instead of abbreviations and class names."
State program,Copying spans,"Copying DelawarePFMLPaidMedical spans.","Using the same periods as Delaware PFML: Paid Benefit (Medical).","Cross-benefit span copy reasoning","HR admins; benefits specialists","Template titles instead of Python class names."
Company policy,Minimum time off,"Total leave time of 25 days, 0:00:00 did not meet minimum required time off of 26 days","Total leave time of 25 days did not meet the minimum required time off of 26 days.","Company policy intermittent reasoning","HR admins; benefits specialists","Removes timedelta clock noise."
Company policy,Intermittent increments,"Intermittent spans consisting of up to 12 increments (pattern may vary)","Intermittent leave periods are calculated using the standard company policy rules.","Company policy span reasoning","HR admins; benefits specialists","Policy outcome language instead of internal increment mechanics."
Frontend,Empty-span tooltip filter,"spans = [...] shown in tooltip details","Approved leave period:/No leave periods were calculated. lines filtered from tooltip details","Admin PDP yellow Not Applied tooltip","HR admins; leave coordinators","Frontend updated to match new approved-period copy."
Frontend,Structured span data,"(dates parsed only from datetime.date(...) regex in reasoning JSON)","Prefer structured result.spans ISO dates; regex fallback for historical rows","Benefits comparison; paycalc split UI","HR admins; engineering","More reliable date handling as reasoning copy humanizes."
Legacy compatibility,Old persisted results,"spans = (<Span (2024-01-01, 2024-01-31)>,) stored in database","Still readable via regex fallback; new evaluations use humanized copy on re-run","API; Admin PDP for older leaves","HR admins; engineering","Forward-only humanization; no DB backfill required."
Out of scope (unchanged),Internal flags,"Flag 'enableBKEDelawarePFML' is active for everyone","(filtered from user-facing output)","Not shown to users","Engineering only","Flag debug strings intentionally remain internal."
Out of scope (unchanged),Template tracking,"Relying on benefit template for tracking method","(filtered from user-facing output)","Not shown to users","Engineering only","Internal configuration message intentionally not humanized."
